{
    "textures": {
        "mossy_stone_bricks": "minecraft:block/mossy_stone_bricks"
    },
    "elements": [
        {
            "from": [ 5, 14, -4 ], 
            "to": [ 11, 16, 8 ], 
            "faces": {
                "east": { "texture": "#mossy_stone_bricks", "uv": [ 2, 2, 14, 4 ] },
                "west": { "texture": "#mossy_stone_bricks", "uv": [ 3, 2, 15, 4 ] },
                "up": { "texture": "#mossy_stone_bricks", "uv": [ 2, 1, 8, 13 ] },
                "down": { "texture": "#mossy_stone_bricks", "uv": [ 3, 1, 9, 13 ] }
            }
        },
        {
            "from": [ 5, 14, 8 ], 
            "to": [ 11, 16, 20 ], 
            "faces": {
                "east": { "texture": "#mossy_stone_bricks", "uv": [ 2, 2, 14, 4 ] },
                "west": { "texture": "#mossy_stone_bricks", "uv": [ 3, 2, 15, 4 ] },
                "up": { "texture": "#mossy_stone_bricks", "uv": [ 2, 1, 8, 13 ] },
                "down": { "texture": "#mossy_stone_bricks", "uv": [ 3, 1, 9, 13 ] }
            }
        }
    ]
}