{
	"credit": "Made with Blockbench, a free, modern block model editor by JannisX11",
	"textures": {
		"0": "blocks/torch",
		"particle": "blocks/torch"
	},
	"elements": [
		{
			"from": [7, 8, 7],
			"to": [9, 10, 9],
			"faces": {
				"north": {"uv": [3, 10, 5, 12], "texture": "#0"},
				"east": {"uv": [3, 10, 5, 12], "texture": "#0"},
				"south": {"uv": [3, 10, 5, 12], "texture": "#0"},
				"west": {"uv": [3, 10, 5, 12], "texture": "#0"},
				"up": {"uv": [3, 10, 5, 12], "texture": "#0"},
				"down": {"uv": [3, 10, 5, 12], "texture": "#0"}
			}
		},
		{
			"from": [7, 0, 7],
			"to": [9, 8, 9],
			"faces": {
				"north": {"uv": [7, 8, 9, 16], "texture": "#0"},
				"east": {"uv": [7, 8, 9, 16], "texture": "#0"},
				"south": {"uv": [7, 8, 9, 16], "texture": "#0"},
				"west": {"uv": [7, 8, 9, 16], "texture": "#0"},
				"up": {"uv": [7, 8, 9, 16], "texture": "#0"},
				"down": {"uv": [7, 8, 9, 16], "texture": "#0"}
			}
		}
	],
	"display": {
		"head": {
			"scale": [1.63, 1.63, 1.63],
			"translation": [0, -30.4, 0]
		}
	}
}