{
	"credit": "Made with Blockbench",
	"textures": {
		"agent": "entity/agent"
	},
	"elements": [
		{
			"name": "body",
			"from": [4, 5, 6],
			"to": [12, 9, 10],
			"faces": {
				"north": {"uv": [2, 8, 6, 10], "texture": "#agent"},
				"east": {"uv": [0, 8, 2, 10], "texture": "#agent"},
				"south": {"uv": [8, 8, 12, 10], "texture": "#agent"},
				"west": {"uv": [6, 8, 8, 10], "texture": "#agent"},
				"up": {"uv": [6, 8, 2, 6], "texture": "#agent"},
				"down": {"uv": [10, 6, 6, 8], "texture": "#agent"}
			}
		},
		{
			"name": "body",
			"from": [5, 3, 6],
			"to": [11, 5, 10],
			"faces": {
				"north": {"uv": [2, 12, 5, 13], "texture": "#agent"},
				"east": {"uv": [0, 12, 2, 13], "texture": "#agent"},
				"south": {"uv": [7, 12, 10, 13], "texture": "#agent"},
				"west": {"uv": [5, 12, 7, 13], "texture": "#agent"},
				"up": {"uv": [5, 12, 2, 10], "texture": "#agent"},
				"down": {"uv": [8, 10, 5, 12], "texture": "#agent"}
			}
		},
		{
			"name": "head",
			"from": [5, 9, 5],
			"to": [11, 16, 10],
			"faces": {
				"north": {"uv": [2.5, 2.5, 5.5, 6], "texture": "#agent"},
				"east": {"uv": [0, 2.5, 2.5, 6], "texture": "#agent"},
				"south": {"uv": [8, 2.5, 11, 6], "texture": "#agent"},
				"west": {"uv": [5.5, 2.5, 8, 6], "texture": "#agent"},
				"up": {"uv": [5.5, 2.5, 2.5, 0], "texture": "#agent"},
				"down": {"uv": [8.5, 0, 5.5, 2.5], "texture": "#agent"}
			}
		},
		{
			"name": "head",
			"from": [7, 9, 4],
			"to": [9, 12, 5],
			"faces": {
				"north": {"uv": [9, 1, 10, 2.5], "texture": "#agent"},
				"east": {"uv": [8.5, 1, 9, 2.5], "texture": "#agent"},
				"south": {"uv": [10.5, 1, 11.5, 2.5], "texture": "#agent"},
				"west": {"uv": [10, 1, 10.5, 2.5], "texture": "#agent"},
				"up": {"uv": [10, 1, 9, 0.5], "texture": "#agent"},
				"down": {"uv": [11, 0.5, 10, 1], "texture": "#agent"}
			}
		},
		{
			"name": "leftArm",
			"from": [2, 0, 7],
			"to": [4, 9, 9],
			"faces": {
				"north": {"uv": [13, 6.5, 14, 11], "texture": "#agent"},
				"east": {"uv": [12, 6.5, 13, 11], "texture": "#agent"},
				"south": {"uv": [15, 6.5, 16, 11], "texture": "#agent"},
				"west": {"uv": [14, 6.5, 15, 11], "texture": "#agent"},
				"up": {"uv": [14, 6.5, 13, 5.5], "texture": "#agent"},
				"down": {"uv": [15, 5.5, 14, 6.5], "texture": "#agent"}
			}
		},
		{
			"name": "rightArm",
			"from": [12, 0, 7],
			"to": [14, 9, 9],
			"faces": {
				"north": {"uv": [13, 1, 14, 5.5], "texture": "#agent"},
				"east": {"uv": [12, 1, 13, 5.5], "texture": "#agent"},
				"south": {"uv": [15, 1, 16, 5.5], "texture": "#agent"},
				"west": {"uv": [14, 1, 15, 5.5], "texture": "#agent"},
				"up": {"uv": [14, 1, 13, 0], "texture": "#agent"},
				"down": {"uv": [15, 0, 14, 1], "texture": "#agent"}
			}
		},
		{
			"name": "leftLeg",
			"from": [5, 0, 7],
			"to": [7, 3, 9],
			"faces": {
				"north": {"uv": [5, 14, 6, 15.5], "texture": "#agent"},
				"east": {"uv": [4, 14, 5, 15.5], "texture": "#agent"},
				"south": {"uv": [7, 14, 8, 15.5], "texture": "#agent"},
				"west": {"uv": [6, 14, 7, 15.5], "texture": "#agent"},
				"up": {"uv": [6, 14, 5, 13], "texture": "#agent"},
				"down": {"uv": [7, 13, 6, 14], "texture": "#agent"}
			}
		},
		{
			"name": "rightLeg",
			"from": [9, 0, 7],
			"to": [11, 3, 9],
			"faces": {
				"north": {"uv": [1, 14, 2, 15.5], "texture": "#agent"},
				"east": {"uv": [0, 14, 1, 15.5], "texture": "#agent"},
				"south": {"uv": [3, 14, 4, 15.5], "texture": "#agent"},
				"west": {"uv": [2, 14, 3, 15.5], "texture": "#agent"},
				"up": {"uv": [2, 14, 1, 13], "texture": "#agent"},
				"down": {"uv": [3, 13, 2, 14], "texture": "#agent"}
			}
		}
	],
	"display": {
		"head": {
			"translation": [0, -31, 0],
			"scale": [1.5, 1.5, 1.5]
		}
	},
	"groups": [
		{
			"name": "body",
			"origin": [0, 24, 0],
			"children": [0, 1,
				{
					"name": "head",
					"origin": [0, 9, -0.8],
					"children": [2, 3]
				},
				{
					"name": "leftArm",
					"origin": [-5, 9, 0],
					"children": [4]
				},
				{
					"name": "rightArm",
					"origin": [5, 9, 0],
					"children": [5]
				},
				{
					"name": "leftLeg",
					"origin": [-1.9, 3, 0],
					"children": [6]
				},
				{
					"name": "rightLeg",
					"origin": [1.9, 3, 0],
					"children": [7]
				}
			]
		}
	]
}