{
	"credit": "Made with Blockbench, a free, modern block model editor by JannisX11",
	"textures": {
		"0": "blocks/lights",
		"particle": "blocks/lights"
	},
	"elements": [
		{
			"from": [0, 0, 0],
			"to": [16, 16, 16],
			"faces": {
				"north": {"uv": [1.75, 0, 3.5, 1.75], "texture": "#0"},
				"east": {"uv": [1.75, 0, 3.5, 1.75], "texture": "#0"},
				"south": {"uv": [1.75, 0, 3.5, 1.75], "texture": "#0"},
				"west": {"uv": [1.75, 0, 3.5, 1.75], "texture": "#0"},
				"up": {"uv": [1.75, 0, 3.5, 1.75], "texture": "#0"},
				"down": {"uv": [1.75, 0, 3.5, 1.75], "texture": "#0"}
			}
		}
	],
	"display": {
		"head": {
			"scale": [1.62, 1.62, 1.62],
			"translation": [0, -30.5, 0]
		}
	}
}