{
    "parent": "item/handheld",
    "textures": {
        "layer0": "item/wooden_shovel"
    },
	"overrides": [
		{ "predicate": { "damaged": 0, "damage": 0.01694915254}, "model": "item/red_overlay"},
		{ "predicate": { "damaged": 0, "damage": 0.03389830508}, "model": "item/red_torch"},	
		{ "predicate": { "damaged": 0, "damage": 0.05084745762}, "model": "item/blue_overlay"},
                { "predicate": { "damaged": 0, "damage": 0.06779661016}, "model": "item/blue_torch"},
		{ "predicate": { "damaged": 0, "damage": 0.08474576271}, "model": "item/lime_overlay"},	
		{ "predicate": { "damaged": 0, "damage": 0.10169491525}, "model": "item/lime_torch"},	
                { "predicate": { "damaged": 0, "damage": 0.11864406779}, "model": "item/green_overlay"},
		{ "predicate": { "damaged": 0, "damage": 0.13559322033}, "model": "item/green_torch"},	
		{ "predicate": { "damaged": 0, "damage": 0.15254237288}, "model": "item/yellow_overlay"},	
                { "predicate": { "damaged": 0, "damage": 0.16949152542}, "model": "item/yellow_torch"},
		{ "predicate": { "damaged": 0, "damage": 0.18644067796}, "model": "item/orange_overlay"},	
		{ "predicate": { "damaged": 0, "damage": 0.2033898305}, "model": "item/orange_torch"}, 
                { "predicate": { "damaged": 0, "damage": 0.22033898305}, "model": "item/black_overlay"},	
		{ "predicate": { "damaged": 0, "damage": 0.23728813559}, "model": "item/black_torch"},
                { "predicate": { "damaged": 0, "damage": 0.25423728813}, "model": "item/white_overlay"}, 
                { "predicate": { "damaged": 0, "damage": 0.27118644067}, "model": "item/white_torch"}, 	
		{ "predicate": { "damaged": 0, "damage": 0.28813559322}, "model": "item/purple_overlay"}, 
                { "predicate": { "damaged": 0, "damage": 0.30508474576}, "model": "item/purple_torch"}, 
                { "predicate": { "damaged": 0, "damage": 0.3220338983}, "model": "item/brown_overlay"},	
		{ "predicate": { "damaged": 0, "damage": 0.33898305084}, "model": "item/brown_torch"},
                { "predicate": { "damaged": 0, "damage": 0.35593220339}, "model": "item/magenta_overlay"}, 
                { "predicate": { "damaged": 0, "damage": 0.37288135593}, "model": "item/magenta_torch"},	
		{ "predicate": { "damaged": 0, "damage": 0.38983050847}, "model": "item/pink_overlay"}, 
                { "predicate": { "damaged": 0, "damage": 0.40677966101}, "model": "item/pink_torch"}, 
                { "predicate": { "damaged": 0, "damage": 0.42372881355}, "model": "item/gray_overlay"},
                { "predicate": { "damaged": 0, "damage": 0.4406779661}, "model": "item/gray_torch"},
                { "predicate": { "damaged": 0, "damage": 0.45762711864}, "model": "item/light_gray_overlay"},
                { "predicate": { "damaged": 0, "damage": 0.47457627118}, "model": "item/light_gray_torch"},
                { "predicate": { "damaged": 0, "damage": 0.49152542372}, "model": "item/cyan_overlay"},
                { "predicate": { "damaged": 0, "damage": 0.50847457627}, "model": "item/cyan_torch"},
                { "predicate": { "damaged": 0, "damage": 0.52542372881}, "model": "item/light_blue_overlay"},
                { "predicate": { "damaged": 0, "damage": 0.54237288135}, "model": "item/light_blue_torch"},
                { "predicate": { "damaged": 0, "damage": 0.55932203389}, "model": "item/placeholder"},
                { "predicate": { "damaged": 0, "damage": 0.57627118644}, "model": "item/placeholder"},
                { "predicate": { "damaged": 0, "damage": 0.59322033898}, "model": "item/placeholder"},
                { "predicate": { "damaged": 0, "damage": 0.61016949152}, "model": "item/placeholder"},
                { "predicate": { "damaged": 0, "damage": 0.62711864406}, "model": "item/placeholder"},
                { "predicate": { "damaged": 0, "damage": 0.64406779661}, "model": "item/placeholder"},
                { "predicate": { "damaged": 0, "damage": 0.66101694915}, "model": "item/placeholder"},
                { "predicate": { "damaged": 0, "damage": 0.67796610169}, "model": "item/placeholder"},
                { "predicate": { "damaged": 0, "damage": 0.69491525423}, "model": "item/placeholder"},
                { "predicate": { "damaged": 0, "damage": 0.71186440678}, "model": "item/placeholder"},
                { "predicate": { "damaged": 0, "damage": 0.72881355932}, "model": "item/placeholder"},
                { "predicate": { "damaged": 0, "damage": 0.74576271186}, "model": "item/placeholder"},
                { "predicate": { "damaged": 0, "damage": 0.7627118644}, "model": "item/placeholder"}
	]
}